{"train": [], "test": [92.8681316270016, 89.55141264032297], "test_acc": [3.341154156691138, 3.221827222523598]}